seq_idx,context_len,prediction_len,mse,mae,mase,rmse,nd,smape
0,768,128,0.20597760379314423,0.37178143858909607,3.553891658782959,0.4538475573062897,0.5332817435264587,0.8295314311981201
