{
  "model": "TimesFM-2.5-original",
  "checkpoint": "/mnt/shared-storage-gpfs2/speechllm-share/lishenyi/Time-MoE/logs_2/OVERFIT_PROOF2/model.safetensors",
  "data_path": "/mnt/shared-storage-gpfs2/speechllm-share/data/Time-300B/datasets--Maple728--Time-300B/snapshots/b52d0ca9de8da5202f73a5057681fca6b48906fb",
  "num_series": 1,
  "target_seq_idx": 0,
  "sample_mode": "train_window",
  "train_max_length": 1024,
  "train_fixed_gt_length": 256,
  "window_offset": 0,
  "prediction_length": 128,
  "min_context_length": 128,
  "max_context_length": 1024,
  "mase_seasonality": 1,
  "batch_size": 1,
  "per_core_batch_size": 1,
  "normalization_method": "zero",
  "metrics": {
    "mse": 0.20597760379314423,
    "mae": 0.37178143858909607,
    "mase": 3.553891658782959,
    "rmse": 0.4538475556760708,
    "nd": 0.5332817435264587,
    "smape": 0.8295314311981201,
    "quantile_loss_q10": 0.31950145723531026,
    "quantile_loss_q20": 0.38199304449371996,
    "quantile_loss_q30": 0.4186811955529265,
    "quantile_loss_q40": 0.43170456916559485,
    "quantile_loss_q50": 0.3717814582050778,
    "quantile_loss_q60": 0.3685212852898985,
    "quantile_loss_q70": 0.32914450477110224,
    "quantile_loss_q80": 0.2828195713460445,
    "quantile_loss_q90": 0.22328553323168307,
    "mean_quantile_loss": 0.3474925132545953
  }
}