seq_idx,context_len,prediction_len,mse,mae,mase,rmse,nd,smape
0,384,128,0.35075193643569946,0.48311498761177063,4.494395732879639,0.5922431349754333,0.6542737483978271,0.8973476886749268
