{
  "model": "TimesFM-2.5",
  "checkpoint": "/mnt/shared-storage-gpfs2/speechllm-share/lishenyi/Time-MoE/logs_2/time300b_overfit/checkpoint-5000/model.safetensors",
  "data_path": "/mnt/shared-storage-gpfs2/speechllm-share/data/Time-300B/datasets--Maple728--Time-300B/snapshots/b52d0ca9de8da5202f73a5057681fca6b48906fb",
  "num_series": 1,
  "target_seq_idx": 0,
  "sample_mode": "train_window",
  "train_max_length": 512,
  "train_fixed_gt_length": 128,
  "window_offset": 0,
  "prediction_length": 128,
  "min_context_length": 128,
  "max_context_length": 4096,
  "mase_seasonality": 1,
  "batch_size": 1,
  "per_core_batch_size": 1,
  "normalization_method": "zero",
  "metrics": {
    "mse": 0.35075193643569946,
    "mae": 0.48311498761177063,
    "mase": 4.494395732879639,
    "rmse": 0.5922431396273826,
    "nd": 0.6542737540613945,
    "smape": 0.8973476886749268,
    "quantile_loss_q10": 0.1512773334980011,
    "quantile_loss_q20": 0.27835673093795776,
    "quantile_loss_q30": 0.38319694995880127,
    "quantile_loss_q40": 0.4524516463279724,
    "quantile_loss_q50": 0.48311498761177063,
    "quantile_loss_q60": 0.3703973889350891,
    "quantile_loss_q70": 0.38484182953834534,
    "quantile_loss_q80": 0.2912977337837219,
    "quantile_loss_q90": 0.2314704805612564,
    "mean_quantile_loss": 0.33626723123921287
  }
}